GD_NO,GO_TO_LINK,CATEGORY_CD
968119052,http://gd.image-qoo10.jp/ai/103/200/4263200103_00.g_0-w-st_g.jpg,dress
968123420,http://gd.image-qoo10.jp/ai/694/443/4594443694_00.g_0-w-st_g.jpg,dress
968130181,http://gd.image-qoo10.jp/ai/116/581/4262581116_00.g_0-w-st_g.jpg,dress
968393660,http://gd.image-qoo10.jp/ai/866/925/4262925866_00.g_0-w-st_g.jpg,dress
968397982,http://gd.image-qoo10.jp/ai/592/238/4719238592_00.g_0-w-st_g.jpg,dress
968398339,http://gd.image-qoo10.jp/ai/502/944/4262944502_00.g_0-w-st_g.jpg,dress
969160370,http://gd.image-qoo10.jp/ai/466/065/3994065466_00.g_0-w-st_g.jpg,dress
969160372,http://gd.image-qoo10.jp/ai/507/992/4539992507_00.g_0-w-st_g.jpg,dress
969160373,http://gd.image-qoo10.jp/ai/181/636/4727636181_00.g_0-w-st_g.jpg,dress
969382285,http://gd.image-qoo10.jp/ai/597/474/3994474597_00.g_0-w-st_g.jpg,dress
971262902,http://gd.image-qoo10.jp/ai/115/217/4010217115_00.g_0-w-st_g.jpg,dress
976751928,http://gd.image-qoo10.jp/ai/772/274/4794274772_00.g_0-w-st_g.jpg,dress
978395624,http://gd.image-qoo10.jp/ai/854/962/4317962854_00.g_0-w-st_g.jpg,dress
979051320,http://gd.image-qoo10.jp/ai/937/052/4092052937_00.g_0-w-st_g.jpg,dress
979367144,http://gd.image-qoo10.jp/ai/509/731/4101731509_00.g_0-w-st_g.jpg,dress
979373699,http://gd.image-qoo10.jp/ai/414/977/4101977414_00.g_0-w-st_g.jpg,dress
979521493,http://gd.image-qoo10.jp/ai/973/135/4103135973_00.g_0-w-st_g.jpg,dress
979614137,http://gd.image-qoo10.jp/ai/768/265/4104265768_00.g_0-w-st_g.jpg,dress
979831724,http://gd.image-qoo10.jp/ai/706/559/4139559706_00.g_0-w-st_g.jpg,dress
979833330,http://gd.image-qoo10.jp/ai/326/831/4148831326_00.g_0-w-st_g.jpg,dress
979833380,http://gd.image-qoo10.jp/ai/552/814/4150814552_00.g_0-w-st_g.jpg,dress
979833432,http://gd.image-qoo10.jp/ai/324/247/4106247324_00.g_0-w-st_g.jpg,dress
979896495,http://gd.image-qoo10.jp/ai/158/913/4156913158_00.g_0-w-st_g.jpg,dress
979897236,http://gd.image-qoo10.jp/ai/748/317/4273317748_00.g_0-w-st_g.jpg,dress
979897267,http://gd.image-qoo10.jp/ai/456/858/4429858456_00.g_0-w-st_g.jpg,dress
979897346,http://gd.image-qoo10.jp/ai/534/164/4311164534_00.g_0-w-st_g.jpg,dress
979897483,http://gd.image-qoo10.jp/ai/706/315/4182315706_00.g_0-w-st_g.jpg,dress
979897510,http://gd.image-qoo10.jp/ai/863/465/4119465863_00.g_0-w-st_g.jpg,dress
979898585,http://gd.image-qoo10.jp/ai/962/656/4192656962_00.g_0-w-st_g.jpg,dress
980924891,http://gd.image-qoo10.jp/ai/487/202/4116202487_00.g_0-w-st_g.jpg,dress
981126902,http://gd.image-qoo10.jp/ai/032/473/4119473032_00.g_0-w-st_g.jpg,dress
981328775,http://gd.image-qoo10.jp/ai/218/718/4122718218_00.g_0-w-st_g.jpg,dress
984443280,http://gd.image-qoo10.jp/ai/855/128/4181128855_00.g_0-w-st_g.jpg,dress
984460093,http://gd.image-qoo10.jp/ai/674/608/4181608674_00.g_0-w-st_g.jpg,dress
984726836,http://gd.image-qoo10.jp/ai/579/963/4184963579_00.g_0-w-st_g.jpg,dress
984767846,http://gd.image-qoo10.jp/ai/288/305/4185305288_00.g_0-w-st_g.jpg,dress
985335509,http://gd.image-qoo10.jp/ai/260/920/4820920260_00.g_0-w-st_g.jpg,dress
985359973,http://gd.image-qoo10.jp/ai/467/900/4190900467_00.g_0-w-st_g.jpg,dress
985365674,http://gd.image-qoo10.jp/ai/417/784/4496784417_00.g_0-w-st_g.jpg,dress
985579347,http://gd.image-qoo10.jp/ai/542/243/4193243542_00.g_0-w-st_g.jpg,dress
985716885,http://gd.image-qoo10.jp/ai/377/102/4195102377_00.g_0-w-st_g.jpg,dress
985768398,http://gd.image-qoo10.jp/ai/196/883/4843883196_00.g_0-w-st_g.jpg,dress
985936291,http://gd.image-qoo10.jp/ai/376/800/4197800376_00.g_0-w-st_g.jpg,dress
986002850,http://gd.image-qoo10.jp/ai/075/578/4200578075_00.g_0-w-st_g.jpg,dress
986005353,http://gd.image-qoo10.jp/ai/544/791/4332791544_00.g_0-w-st_g.jpg,dress
986008236,http://gd.image-qoo10.jp/ai/315/922/4200922315_00.g_0-w-st_g.jpg,dress
986091534,http://gd.image-qoo10.jp/ai/975/054/4207054975_00.g_0-w-st_g.jpg,dress
1000045180,http://gd.image-qoo10.jp/ai/110/246/4508246110_00.g_0-w-st_g.jpg,dress
1000135054,http://gd.image-qoo10.jp/ai/673/086/4508086673_00.g_0-w-st_g.jpg,dress
1000158594,http://gd.image-qoo10.jp/ai/782/079/4508079782_00.g_0-w-st_g.jpg,dress
969147369,http://gd.image-qoo10.jp/ai/930/187/4345187930_00.g_0-w-st_g.jpg,jacket
969160362,http://gd.image-qoo10.jp/ai/200/381/4786381200_00.g_0-w-st_g.jpg,jacket
969160364,http://gd.image-qoo10.jp/ai/776/805/3995805776_00.g_0-w-st_g.jpg,jacket
969160365,http://gd.image-qoo10.jp/ai/085/288/4739288085_00.g_0-w-st_g.jpg,jacket
970817571,http://gd.image-qoo10.jp/ai/251/730/4005730251_00.g_0-w-st_g.jpg,jacket
976781515,http://gd.image-qoo10.jp/ai/693/122/4071122693_00.g_0-w-st_g.jpg,jacket
977577444,http://gd.image-qoo10.jp/ai/448/345/4078345448_00.g_0-w-st_g.jpg,jacket
977673354,http://gd.image-qoo10.jp/ai/529/484/4303484529_00.g_0-w-st_g.jpg,jacket
977673358,http://gd.image-qoo10.jp/ai/727/448/4303448727_00.g_0-w-st_g.jpg,jacket
977673361,http://gd.image-qoo10.jp/ai/870/442/4303442870_00.g_0-w-st_g.jpg,jacket
977673385,http://gd.image-qoo10.jp/ai/754/430/4303430754_00.g_0-w-st_g.jpg,jacket
979518629,http://gd.image-qoo10.jp/ai/310/116/4103116310_00.g_0-w-st_g.jpg,jacket
979833360,http://gd.image-qoo10.jp/ai/863/897/4156897863_00.g_0-w-st_g.jpg,jacket
979833495,http://gd.image-qoo10.jp/ai/970/604/4151604970_00.g_0-w-st_g.jpg,jacket
979896530,http://gd.image-qoo10.jp/ai/339/192/4120192339_00.g_0-w-st_g.jpg,jacket
979896573,http://gd.image-qoo10.jp/ai/113/361/4548361113_00.g_0-w-st_g.jpg,jacket
979896588,http://gd.image-qoo10.jp/ai/332/923/4106923332_00.g_0-w-st_g.jpg,jacket
979896659,http://gd.image-qoo10.jp/ai/743/923/4106923743_00.g_0-w-st_g.jpg,jacket
979896719,http://gd.image-qoo10.jp/ai/085/924/4106924085_00.g_0-w-st_g.jpg,jacket
979896822,http://gd.image-qoo10.jp/ai/423/793/4626793423_00.g_0-w-st_g.jpg,jacket
1002781801,http://gd.image-qoo10.jp/ai/211/878/5324878211_00.g_0-w-st_g.jpg,jacket
1002845309,http://gd.image-qoo10.jp/ai/105/703/4683703105_00.g_0-w-st_g.jpg,jacket
975982219,http://gd.image-qoo10.jp/ai/398/043/4104043398_00.g_0-w-st_g.jpg,shoe
976234001,http://gd.image-qoo10.jp/ai/366/832/4065832366_00.g_0-w-st_g.jpg,shoe
978478374,http://gd.image-qoo10.jp/ai/700/086/4959086700_00.g_0-w-st_g.jpg,shoe
979116589,http://gd.image-qoo10.jp/ai/784/788/5157788784_00.g_0-w-st_g.jpg,shoe
979116593,http://gd.image-qoo10.jp/ai/337/011/4690011337_00.g_0-w-st_g.jpg,shoe
979849955,http://gd.image-qoo10.jp/ai/597/434/4106434597_00.g_0-w-st_g.jpg,shoe
979850099,http://gd.image-qoo10.jp/ai/196/436/4106436196_00.g_0-w-st_g.jpg,shoe
979882564,http://gd.image-qoo10.jp/ai/895/828/4106828895_00.g_0-w-st_g.jpg,shoe
979890068,http://gd.image-qoo10.jp/ai/450/815/5046815450_00.g_0-w-st_g.jpg,shoe
979890074,http://gd.image-qoo10.jp/ai/000/817/5046817000_00.g_0-w-st_g.jpg,shoe
979890075,http://gd.image-qoo10.jp/ai/707/272/4259272707_00.g_0-w-st_g.jpg,shoe
979897447,http://gd.image-qoo10.jp/ai/217/414/4153414217_00.g_0-w-st_g.jpg,shoe
979924315,http://gd.image-qoo10.jp/ai/612/414/4107414612_00.g_0-w-st_g.jpg,shoe
979924331,http://gd.image-qoo10.jp/ai/693/414/4107414693_00.g_0-w-st_g.jpg,shoe
979924342,http://gd.image-qoo10.jp/ai/754/414/4107414754_00.g_0-w-st_g.jpg,shoe
979928400,http://gd.image-qoo10.jp/ai/882/097/4783097882_00.g_0-w-st_g.jpg,shoe
979928401,http://gd.image-qoo10.jp/ai/280/931/4772931280_00.g_0-w-st_g.jpg,shoe
979928403,http://gd.image-qoo10.jp/ai/580/446/4107446580_00.g_0-w-st_g.jpg,shoe
979928405,http://gd.image-qoo10.jp/ai/589/446/4107446589_00.g_0-w-st_g.jpg,shoe
979929821,http://gd.image-qoo10.jp/ai/156/124/4783124156_00.g_0-w-st_g.jpg,shoe
979929822,http://gd.image-qoo10.jp/ai/433/453/4107453433_00.g_0-w-st_g.jpg,shoe
980174372,http://gd.image-qoo10.jp/ai/424/641/4109641424_00.g_0-w-st_g.jpg,shoe
980174373,http://gd.image-qoo10.jp/ai/687/060/4783060687_00.g_0-w-st_g.jpg,shoe
980174375,http://gd.image-qoo10.jp/ai/448/641/4109641448_00.g_0-w-st_g.jpg,shoe
980174377,http://gd.image-qoo10.jp/ai/780/919/4772919780_00.g_0-w-st_g.jpg,shoe
980174382,http://gd.image-qoo10.jp/ai/724/641/4109641724_00.g_0-w-st_g.jpg,shoe
980174384,http://gd.image-qoo10.jp/ai/771/844/4772844771_00.g_0-w-st_g.jpg,shoe
980174385,http://gd.image-qoo10.jp/ai/329/824/4772824329_00.g_0-w-st_g.jpg,shoe
980174387,http://gd.image-qoo10.jp/ai/250/471/4335471250_00.g_0-w-st_g.jpg,shoe
980174390,http://gd.image-qoo10.jp/ai/043/642/4109642043_00.g_0-w-st_g.jpg,shoe
980174391,http://gd.image-qoo10.jp/ai/843/791/4772791843_00.g_0-w-st_g.jpg,shoe
982703925,http://gd.image-qoo10.jp/ai/633/151/4153151633_00.g_0-w-st_g.jpg,shoe
985971939,http://gd.image-qoo10.jp/ai/399/654/4255654399_00.g_0-w-st_g.jpg,shoe
985971946,http://gd.image-qoo10.jp/ai/949/655/4251655949_00.g_0-w-st_g.jpg,shoe
986602413,http://gd.image-qoo10.jp/ai/112/561/4215561112_00.g_0-w-st_g.jpg,shoe
988064622,http://gd.image-qoo10.jp/ai/520/260/4251260520_00.g_0-w-st_g.jpg,shoe
988064688,http://gd.image-qoo10.jp/ai/889/260/4251260889_00.g_0-w-st_g.jpg,shoe
988064690,http://gd.image-qoo10.jp/ai/900/260/4251260900_00.g_0-w-st_g.jpg,shoe
988064692,http://gd.image-qoo10.jp/ai/910/260/4251260910_00.g_0-w-st_g.jpg,shoe
988064693,http://gd.image-qoo10.jp/ai/917/260/4251260917_00.g_0-w-st_g.jpg,shoe
988064697,http://gd.image-qoo10.jp/ai/936/260/4251260936_00.g_0-w-st_g.jpg,shoe
988065166,http://gd.image-qoo10.jp/ai/397/266/4251266397_00.g_0-w-st_g.jpg,shoe
988065167,http://gd.image-qoo10.jp/ai/403/266/4251266403_00.g_0-w-st_g.jpg,shoe
988065173,http://gd.image-qoo10.jp/ai/437/266/4251266437_00.g_0-w-st_g.jpg,shoe
988065174,http://gd.image-qoo10.jp/ai/443/266/4251266443_00.g_0-w-st_g.jpg,shoe
988065175,http://gd.image-qoo10.jp/ai/447/266/4251266447_00.g_0-w-st_g.jpg,shoe
988065177,http://gd.image-qoo10.jp/ai/455/266/4251266455_00.g_0-w-st_g.jpg,shoe
988065178,http://gd.image-qoo10.jp/ai/462/266/4251266462_00.g_0-w-st_g.jpg,shoe
988065185,http://gd.image-qoo10.jp/ai/499/266/4251266499_00.g_0-w-st_g.jpg,shoe
988065204,http://gd.image-qoo10.jp/ai/584/266/4251266584_00.g_0-w-st_g.jpg,shoe
968390689,http://gd.image-qoo10.jp/ai/948/552/3985552948_00.g_0-w-st_g.jpg,bag
976549805,http://gd.image-qoo10.jp/ai/857/001/4069001857_00.g_0-w-st_g.jpg,bag
976574481,http://gd.image-qoo10.jp/ai/443/267/4069267443_00.g_0-w-st_g.jpg,bag
977644947,http://gd.image-qoo10.jp/ai/283/297/4314297283_00.g_0-w-st_g.jpg,bag
977851425,http://gd.image-qoo10.jp/ai/300/298/4314298300_00.g_0-w-st_g.jpg,bag
979083114,http://gd.image-qoo10.jp/ai/337/433/4096433337_00.g_0-w-st_g.jpg,bag
979518789,http://gd.image-qoo10.jp/ai/245/118/4103118245_00.g_0-w-st_g.jpg,bag
979597485,http://gd.image-qoo10.jp/ai/283/998/4103998283_00.g_0-w-st_g.jpg,bag
979867194,http://gd.image-qoo10.jp/ai/798/555/4106555798_00.g_0-w-st_g.jpg,bag
980753833,http://gd.image-qoo10.jp/ai/406/612/4114612406_00.g_0-w-st_g.jpg,bag
980753873,http://gd.image-qoo10.jp/ai/930/613/4114613930_00.g_0-w-st_g.jpg,bag
980755647,http://gd.image-qoo10.jp/ai/411/626/4114626411_00.g_0-w-st_g.jpg,bag
981328187,http://gd.image-qoo10.jp/ai/777/714/4122714777_00.g_0-w-st_g.jpg,bag
981328213,http://gd.image-qoo10.jp/ai/838/298/4592298838_00.g_0-w-st_g.jpg,bag
989338223,http://gd.image-qoo10.jp/ai/560/359/4268359560_00.g_0-w-st_g.jpg,bag
989338226,http://gd.image-qoo10.jp/ai/581/359/4268359581_00.g_0-w-st_g.jpg,bag
989338229,http://gd.image-qoo10.jp/ai/596/359/4268359596_00.g_0-w-st_g.jpg,bag
989338242,http://gd.image-qoo10.jp/ai/672/359/4268359672_00.g_0-w-st_g.jpg,bag
989338260,http://gd.image-qoo10.jp/ai/768/359/4268359768_00.g_0-w-st_g.jpg,bag
979896826,http://gd.image-qoo10.jp/ai/791/924/4106924791_00.g_0-w-st_g.jpg,jacket
979896841,http://gd.image-qoo10.jp/ai/845/792/4626792845_00.g_0-w-st_g.jpg,jacket
979897153,http://gd.image-qoo10.jp/ai/888/283/4548283888_00.g_0-w-st_g.jpg,jacket
979897227,http://gd.image-qoo10.jp/ai/598/926/4106926598_03.g_0-w-st_g.jpg,jacket
979897228,http://gd.image-qoo10.jp/ai/825/841/4154841825_00.g_0-w-st_g.jpg,jacket
979919666,http://gd.image-qoo10.jp/ai/813/364/4107364813_00.g_0-w-st_g.jpg,jacket
980057295,http://gd.image-qoo10.jp/ai/911/549/4108549911_00.g_0-w-st_g.jpg,jacket
980179294,http://gd.image-qoo10.jp/ai/807/685/4109685807_00.g_0-w-st_g.jpg,jacket
980725437,http://gd.image-qoo10.jp/ai/404/688/4122688404_00.g_0-w-st_g.jpg,jacket
980929485,http://gd.image-qoo10.jp/ai/484/045/4318045484_00.g_0-w-st_g.jpg,jacket
980943232,http://gd.image-qoo10.jp/ai/923/490/4116490923_00.g_0-w-st_g.jpg,jacket
980971298,http://gd.image-qoo10.jp/ai/601/333/4063333601_00.g_0-w-st_g.jpg,jacket
982176426,http://gd.image-qoo10.jp/ai/440/768/4147768440_00.g_0-w-st_g.jpg,jacket
982882041,http://gd.image-qoo10.jp/ai/526/398/4155398526_00.g_0-w-st_g.jpg,jacket
983126126,http://gd.image-qoo10.jp/ai/468/042/4159042468_00.g_0-w-st_g.jpg,jacket
985312553,http://gd.image-qoo10.jp/ai/492/987/4189987492_00.g_0-w-st_g.jpg,jacket
985745069,http://gd.image-qoo10.jp/ai/077/276/4352276077_00.g_0-w-st_g.jpg,jacket
985748751,http://gd.image-qoo10.jp/ai/801/236/4347236801_00.g_0-w-st_g.jpg,jacket
988880635,http://gd.image-qoo10.jp/ai/071/777/4262777071_00.g_0-w-st_g.jpg,jacket
1000677095,http://gd.image-qoo10.jp/ai/387/103/4403103387_00.g_0-w-st_g.jpg,jacket
1000765851,http://gd.image-qoo10.jp/ai/439/059/4404059439_00.g_0-w-st_g.jpg,jacket
1000903490,http://gd.image-qoo10.jp/ai/423/558/4839558423_00.g_0-w-st_g.jpg,jacket
1001093711,http://gd.image-qoo10.jp/ai/213/248/4407248213_00.g_0-w-st_g.jpg,jacket
1001204746,http://gd.image-qoo10.jp/ai/586/316/4408316586_00.g_0-w-st_g.jpg,jacket
1001685019,http://gd.image-qoo10.jp/ai/121/838/4413838121_00.g_0-w-st_g.jpg,jacket
1001963208,http://gd.image-qoo10.jp/ai/288/090/4418090288_00.g_0-w-st_g.jpg,jacket
1001965683,http://gd.image-qoo10.jp/ai/586/131/4418131586_00.g_0-w-st_g.jpg,jacket
1002127777,http://gd.image-qoo10.jp/ai/989/907/4420907989_00.g_0-w-st_g.jpg,jacket
981328251,http://gd.image-qoo10.jp/ai/999/025/4473025999_00.g_0-w-st_g.jpg,bag
981328254,http://gd.image-qoo10.jp/ai/618/053/4473053618_00.g_0-w-st_g.jpg,bag
981328265,http://gd.image-qoo10.jp/ai/134/715/4122715134_00.g_0-w-st_g.jpg,bag
981328267,http://gd.image-qoo10.jp/ai/148/715/4122715148_00.g_0-w-st_g.jpg,bag
981328291,http://gd.image-qoo10.jp/ai/030/109/4473109030_00.g_0-w-st_g.jpg,bag
981328311,http://gd.image-qoo10.jp/ai/350/715/4122715350_00.g_0-w-st_g.jpg,bag
981328325,http://gd.image-qoo10.jp/ai/433/715/4122715433_00.g_0-w-st_g.jpg,bag
981328338,http://gd.image-qoo10.jp/ai/528/715/4122715528_00.g_0-w-st_g.jpg,bag
985359980,http://gd.image-qoo10.jp/ai/540/900/4190900540_00.g_0-w-st_g.jpg,bag
988064593,http://gd.image-qoo10.jp/ai/363/260/4251260363_00.g_0-w-st_g.jpg,bag
988064594,http://gd.image-qoo10.jp/ai/370/260/4251260370_00.g_0-w-st_g.jpg,bag
988064595,http://gd.image-qoo10.jp/ai/377/260/4251260377_00.g_0-w-st_g.jpg,bag
988064596,http://gd.image-qoo10.jp/ai/384/260/4251260384_00.g_0-w-st_g.jpg,bag
988064608,http://gd.image-qoo10.jp/ai/446/260/4251260446_00.g_0-w-st_g.jpg,bag
988064639,http://gd.image-qoo10.jp/ai/608/260/4251260608_00.g_0-w-st_g.jpg,bag
988064640,http://gd.image-qoo10.jp/ai/617/260/4251260617_00.g_0-w-st_g.jpg,bag
988064683,http://gd.image-qoo10.jp/ai/854/260/4251260854_00.g_0-w-st_g.jpg,bag
988064700,http://gd.image-qoo10.jp/ai/955/260/4251260955_00.g_0-w-st_g.jpg,bag
988064701,http://gd.image-qoo10.jp/ai/962/260/4251260962_00.g_0-w-st_g.jpg,bag
988064702,http://gd.image-qoo10.jp/ai/970/260/4251260970_00.g_0-w-st_g.jpg,bag
988065158,http://gd.image-qoo10.jp/ai/356/266/4251266356_00.g_0-w-st_g.jpg,bag
988065159,http://gd.image-qoo10.jp/ai/366/266/4251266366_00.g_0-w-st_g.jpg,bag
988065160,http://gd.image-qoo10.jp/ai/370/266/4251266370_00.g_0-w-st_g.jpg,bag
988065261,http://gd.image-qoo10.jp/ai/867/266/4251266867_00.g_0-w-st_g.jpg,bag
988065868,http://gd.image-qoo10.jp/ai/153/281/4251281153_00.g_0-w-st_g.jpg,bag
988065948,http://gd.image-qoo10.jp/ai/551/281/4251281551_00.g_0-w-st_g.jpg,bag
988065974,http://gd.image-qoo10.jp/ai/649/281/4251281649_00.g_0-w-st_g.jpg,bag
988701726,http://gd.image-qoo10.jp/ai/025/887/4260887025_00.g_0-w-st_g.jpg,bag
988701727,http://gd.image-qoo10.jp/ai/032/887/4260887032_00.g_0-w-st_g.jpg,bag
988880634,http://gd.image-qoo10.jp/ai/067/777/4262777067_00.g_0-w-st_g.jpg,bag
988923276,http://gd.image-qoo10.jp/ai/541/451/4261451541_00.g_0-w-st_g.jpg,bag